<?xml version="1.0" encoding="UTF-8" standalone="no"?><configurationDescriptor version="65">
  <logicalFolder displayName="root" name="root" projectFiles="true">
    <logicalFolder displayName="Header Files" name="HeaderFiles" projectFiles="true">
      <logicalFolder displayName="config" name="config" projectFiles="true">
        <logicalFolder displayName="default" name="default" projectFiles="true">
          <logicalFolder displayName="bsp" name="bsp" projectFiles="true">
            <itemPath>../src/config/default/bsp/bsp.h</itemPath>
          </logicalFolder>
          <logicalFolder displayName="driver" name="driver" projectFiles="true">
            <logicalFolder displayName="memory" name="memory" projectFiles="true">
              <itemPath>../src/config/default/driver/memory/drv_memory.h</itemPath>
              <itemPath>../src/config/default/driver/memory/drv_memory_definitions.h</itemPath>
              <itemPath>../src/config/default/driver/memory/src/drv_memory_local.h</itemPath>
              <itemPath>../src/config/default/driver/memory/src/drv_memory_file_system.h</itemPath>
            </logicalFolder>
            <logicalFolder displayName="sst26" name="sst26" projectFiles="true">
              <itemPath>../src/config/default/driver/sst26/drv_sst26.h</itemPath>
              <itemPath>../src/config/default/driver/sst26/drv_sst26_definitions.h</itemPath>
              <itemPath>../src/config/default/driver/sst26/src/drv_sst26_local.h</itemPath>
            </logicalFolder>
            <logicalFolder displayName="usb" name="usb" projectFiles="true">
              <logicalFolder displayName="usbfsv1" name="usbfsv1" projectFiles="true">
                <logicalFolder displayName="src" name="src" projectFiles="true">
                  <itemPath>../src/config/default/driver/usb/usbfsv1/src/drv_usbfsv1_local.h</itemPath>
                  <itemPath>../src/config/default/driver/usb/usbfsv1/src/drv_usbfsv1_variant_mapping.h</itemPath>
                </logicalFolder>
                <itemPath>../src/config/default/driver/usb/usbfsv1/drv_usbfsv1.h</itemPath>
              </logicalFolder>
              <itemPath>../src/config/default/driver/usb/drv_usb.h</itemPath>
              <itemPath>../src/config/default/driver/usb/drv_usb_external_dependencies.h</itemPath>
            </logicalFolder>
            <itemPath>../src/config/default/driver/driver_common.h</itemPath>
            <itemPath>../src/config/default/driver/driver.h</itemPath>
          </logicalFolder>
          <logicalFolder displayName="osal" name="osal" projectFiles="true">
            <itemPath>../src/config/default/osal/osal_definitions.h</itemPath>
            <itemPath>../src/config/default/osal/osal.h</itemPath>
            <itemPath>../src/config/default/osal/osal_freertos.h</itemPath>
          </logicalFolder>
          <logicalFolder displayName="peripheral" name="peripheral" projectFiles="true">
            <logicalFolder displayName="adc" name="adc" projectFiles="true">
              <itemPath>../src/config/default/peripheral/adc/plib_adc1.h</itemPath>
              <itemPath>../src/config/default/peripheral/adc/plib_adc_common.h</itemPath>
              <itemPath>../src/config/default/peripheral/adc/plib_adc0.h</itemPath>
            </logicalFolder>
            <logicalFolder displayName="clock" name="clock" projectFiles="true">
              <itemPath>../src/config/default/peripheral/clock/plib_clock.h</itemPath>
            </logicalFolder>
            <logicalFolder displayName="cmcc" name="cmcc" projectFiles="true">
              <itemPath>../src/config/default/peripheral/cmcc/plib_cmcc.h</itemPath>
            </logicalFolder>
            <logicalFolder displayName="evsys" name="evsys" projectFiles="true">
              <itemPath>../src/config/default/peripheral/evsys/plib_evsys.h</itemPath>
            </logicalFolder>
            <logicalFolder displayName="nvic" name="nvic" projectFiles="true">
              <itemPath>../src/config/default/peripheral/nvic/plib_nvic.h</itemPath>
            </logicalFolder>
            <logicalFolder displayName="nvmctrl" name="nvmctrl" projectFiles="true">
              <itemPath>../src/config/default/peripheral/nvmctrl/plib_nvmctrl.h</itemPath>
            </logicalFolder>
            <logicalFolder displayName="port" name="port" projectFiles="true">
              <itemPath>../src/config/default/peripheral/port/plib_port.h</itemPath>
            </logicalFolder>
            <logicalFolder displayName="qspi" name="qspi" projectFiles="true">
              <itemPath>../src/config/default/peripheral/qspi/plib_qspi_common.h</itemPath>
              <itemPath>../src/config/default/peripheral/qspi/plib_qspi.h</itemPath>
            </logicalFolder>
            <logicalFolder displayName="rtc" name="rtc" projectFiles="true">
              <itemPath>../src/config/default/peripheral/rtc/plib_rtc.h</itemPath>
            </logicalFolder>
            <logicalFolder displayName="sercom" name="sercom" projectFiles="true">
              <logicalFolder displayName="i2c_master" name="i2c_master" projectFiles="true">
                <itemPath>../src/config/default/peripheral/sercom/i2c_master/plib_sercom_i2c_master_common.h</itemPath>
                <itemPath>../src/config/default/peripheral/sercom/i2c_master/plib_sercom3_i2c_master.h</itemPath>
                <itemPath>../src/config/default/peripheral/sercom/i2c_master/plib_sercom7_i2c_master.h</itemPath>
              </logicalFolder>
              <logicalFolder displayName="usart" name="usart" projectFiles="true">
                <itemPath>../src/config/default/peripheral/sercom/usart/plib_sercom2_usart.h</itemPath>
                <itemPath>../src/config/default/peripheral/sercom/usart/plib_sercom_usart_common.h</itemPath>
                <itemPath>../src/config/default/peripheral/sercom/usart/plib_sercom5_usart.h</itemPath>
              </logicalFolder>
            </logicalFolder>
          </logicalFolder>
          <logicalFolder displayName="system" name="system" projectFiles="true">
            <logicalFolder displayName="cache" name="cache" projectFiles="true">
              <itemPath>../src/config/default/system/cache/sys_cache.h</itemPath>
            </logicalFolder>
            <logicalFolder displayName="console" name="console" projectFiles="true">
              <itemPath>../src/config/default/system/console/src/sys_console_uart_definitions.h</itemPath>
              <itemPath>../src/config/default/system/console/sys_console.h</itemPath>
              <itemPath>../src/config/default/system/console/src/sys_console_uart.h</itemPath>
              <itemPath>../src/config/default/system/console/src/sys_console_local.h</itemPath>
            </logicalFolder>
            <logicalFolder displayName="debug" name="debug" projectFiles="true">
              <itemPath>../src/config/default/system/debug/sys_debug.h</itemPath>
              <itemPath>../src/config/default/system/debug/src/sys_debug_local.h</itemPath>
            </logicalFolder>
            <logicalFolder displayName="fs" name="fs" projectFiles="true">
              <logicalFolder displayName="fat_fs" name="fat_fs" projectFiles="true">
                <logicalFolder displayName="file_system" name="file_system" projectFiles="true">
                  <itemPath>../src/config/default/system/fs/fat_fs/file_system/ff.h</itemPath>
                  <itemPath>../src/config/default/system/fs/fat_fs/file_system/ffconf.h</itemPath>
                </logicalFolder>
                <logicalFolder displayName="hardware_access" name="hardware_access" projectFiles="true">
                  <itemPath>../src/config/default/system/fs/fat_fs/hardware_access/diskio.h</itemPath>
                </logicalFolder>
              </logicalFolder>
              <itemPath>../src/config/default/system/fs/src/sys_fs_local.h</itemPath>
              <itemPath>../src/config/default/system/fs/sys_fs.h</itemPath>
              <itemPath>../src/config/default/system/fs/sys_fs_media_manager.h</itemPath>
              <itemPath>../src/config/default/system/fs/src/sys_fs_media_manager_local.h</itemPath>
              <itemPath>../src/config/default/system/fs/sys_fs_fat_interface.h</itemPath>
            </logicalFolder>
            <logicalFolder displayName="int" name="int" projectFiles="true">
              <itemPath>../src/config/default/system/int/sys_int.h</itemPath>
              <itemPath>../src/config/default/system/int/sys_int_mapping.h</itemPath>
            </logicalFolder>
            <logicalFolder displayName="ports" name="ports" projectFiles="true">
              <itemPath>../src/config/default/system/ports/sys_ports.h</itemPath>
              <itemPath>../src/config/default/system/ports/sys_ports_mapping.h</itemPath>
            </logicalFolder>
            <logicalFolder displayName="time" name="time" projectFiles="true">
              <itemPath>../src/config/default/system/time/sys_time.h</itemPath>
              <itemPath>../src/config/default/system/time/src/sys_time_local.h</itemPath>
              <itemPath>../src/config/default/system/time/sys_time_definitions.h</itemPath>
            </logicalFolder>
            <itemPath>../src/config/default/system/system_module.h</itemPath>
            <itemPath>../src/config/default/system/system_common.h</itemPath>
            <itemPath>../src/config/default/system/system_media.h</itemPath>
            <itemPath>../src/config/default/system/system.h</itemPath>
          </logicalFolder>
          <logicalFolder displayName="usb" name="usb" projectFiles="true">
            <logicalFolder displayName="src" name="src" projectFiles="true">
              <itemPath>../src/config/default/usb/src/usb_device_local.h</itemPath>
              <itemPath>../src/config/default/usb/src/usb_external_dependencies.h</itemPath>
              <itemPath>../src/config/default/usb/src/usb_device_msd_local.h</itemPath>
              <itemPath>../src/config/default/usb/src/usb_device_function_driver.h</itemPath>
              <itemPath>../src/config/default/usb/src/usb_device_mapping.h</itemPath>
            </logicalFolder>
            <itemPath>../src/config/default/usb/usb_common.h</itemPath>
            <itemPath>../src/config/default/usb/usb_host.h</itemPath>
            <itemPath>../src/config/default/usb/usb_msd.h</itemPath>
            <itemPath>../src/config/default/usb/scsi.h</itemPath>
            <itemPath>../src/config/default/usb/usb_device.h</itemPath>
            <itemPath>../src/config/default/usb/usb_device_msd.h</itemPath>
            <itemPath>../src/config/default/usb/usb_chapter_9.h</itemPath>
            <itemPath>../src/config/default/usb/usb_hub.h</itemPath>
            <itemPath>../src/config/default/usb/usb_host_hub_interface.h</itemPath>
            <itemPath>../src/config/default/usb/usb_host_client_driver.h</itemPath>
          </logicalFolder>
          <itemPath>../src/config/default/configuration.h</itemPath>
          <itemPath>../src/config/default/device.h</itemPath>
          <itemPath>../src/config/default/interrupts.h</itemPath>
          <itemPath>../src/config/default/device_vectors.h</itemPath>
          <itemPath>../src/config/default/device_cache.h</itemPath>
          <itemPath>../src/config/default/definitions.h</itemPath>
          <itemPath>../src/config/default/toolchain_specifics.h</itemPath>
          <itemPath>../src/config/default/user.h</itemPath>
          <itemPath>../src/config/default/sys_tasks.h</itemPath>
          <itemPath>../src/config/default/FreeRTOSConfig.h</itemPath>
        </logicalFolder>
      </logicalFolder>
      <logicalFolder displayName="FreeRTOS" name="FreeRTOS" projectFiles="true">
        <logicalFolder displayName="Source" name="Source" projectFiles="true">
          <logicalFolder displayName="include" name="include" projectFiles="true">
            <itemPath>../src/third_party/rtos/FreeRTOS/Source/include/deprecated_definitions.h</itemPath>
            <itemPath>../src/third_party/rtos/FreeRTOS/Source/include/list.h</itemPath>
            <itemPath>../src/third_party/rtos/FreeRTOS/Source/include/task.h</itemPath>
            <itemPath>../src/third_party/rtos/FreeRTOS/Source/include/semphr.h</itemPath>
            <itemPath>../src/third_party/rtos/FreeRTOS/Source/include/message_buffer.h</itemPath>
            <itemPath>../src/third_party/rtos/FreeRTOS/Source/include/stream_buffer.h</itemPath>
            <itemPath>../src/third_party/rtos/FreeRTOS/Source/include/portable.h</itemPath>
            <itemPath>../src/third_party/rtos/FreeRTOS/Source/include/mpu_wrappers.h</itemPath>
            <itemPath>../src/third_party/rtos/FreeRTOS/Source/include/timers.h</itemPath>
            <itemPath>../src/third_party/rtos/FreeRTOS/Source/include/croutine.h</itemPath>
            <itemPath>../src/third_party/rtos/FreeRTOS/Source/include/stack_macros.h</itemPath>
            <itemPath>../src/third_party/rtos/FreeRTOS/Source/include/FreeRTOS.h</itemPath>
            <itemPath>../src/third_party/rtos/FreeRTOS/Source/include/event_groups.h</itemPath>
            <itemPath>../src/third_party/rtos/FreeRTOS/Source/include/queue.h</itemPath>
            <itemPath>../src/third_party/rtos/FreeRTOS/Source/include/mpu_prototypes.h</itemPath>
            <itemPath>../src/third_party/rtos/FreeRTOS/Source/include/projdefs.h</itemPath>
          </logicalFolder>
          <logicalFolder displayName="portable" name="portable" projectFiles="true">
            <logicalFolder displayName="GCC" name="GCC" projectFiles="true">
              <logicalFolder displayName="SAM" name="SAM" projectFiles="true">
                <logicalFolder displayName="ARM_CM4F" name="ARM_CM4F" projectFiles="true">
                  <itemPath>../src/third_party/rtos/FreeRTOS/Source/portable/GCC/SAM/ARM_CM4F/portmacro.h</itemPath>
                </logicalFolder>
              </logicalFolder>
            </logicalFolder>
          </logicalFolder>
        </logicalFolder>
      </logicalFolder>
      <logicalFolder displayName="packs" name="packs" projectFiles="true">
        <logicalFolder displayName="ATSAME54P20A_DFP" name="ATSAME54P20A_DFP" projectFiles="true">
          <logicalFolder displayName="component" name="component" projectFiles="true">
            <itemPath>../src/packs/ATSAME54P20A_DFP/component/evsys.h</itemPath>
            <itemPath>../src/packs/ATSAME54P20A_DFP/component/fuses.h</itemPath>
            <itemPath>../src/packs/ATSAME54P20A_DFP/component/icm.h</itemPath>
            <itemPath>../src/packs/ATSAME54P20A_DFP/component/pac.h</itemPath>
            <itemPath>../src/packs/ATSAME54P20A_DFP/component/rtc.h</itemPath>
            <itemPath>../src/packs/ATSAME54P20A_DFP/component/aes.h</itemPath>
            <itemPath>../src/packs/ATSAME54P20A_DFP/component/supc.h</itemPath>
            <itemPath>../src/packs/ATSAME54P20A_DFP/component/ccl.h</itemPath>
            <itemPath>../src/packs/ATSAME54P20A_DFP/component/ac.h</itemPath>
            <itemPath>../src/packs/ATSAME54P20A_DFP/component/sercom.h</itemPath>
            <itemPath>../src/packs/ATSAME54P20A_DFP/component/qspi.h</itemPath>
            <itemPath>../src/packs/ATSAME54P20A_DFP/component/tcc.h</itemPath>
            <itemPath>../src/packs/ATSAME54P20A_DFP/component/ramecc.h</itemPath>
            <itemPath>../src/packs/ATSAME54P20A_DFP/component/can.h</itemPath>
            <itemPath>../src/packs/ATSAME54P20A_DFP/component/pdec.h</itemPath>
            <itemPath>../src/packs/ATSAME54P20A_DFP/component/gclk.h</itemPath>
            <itemPath>../src/packs/ATSAME54P20A_DFP/component/mclk.h</itemPath>
            <itemPath>../src/packs/ATSAME54P20A_DFP/component/sdhc.h</itemPath>
            <itemPath>../src/packs/ATSAME54P20A_DFP/component/pcc.h</itemPath>
            <itemPath>../src/packs/ATSAME54P20A_DFP/component/usb.h</itemPath>
            <itemPath>../src/packs/ATSAME54P20A_DFP/component/osc32kctrl.h</itemPath>
            <itemPath>../src/packs/ATSAME54P20A_DFP/component/wdt.h</itemPath>
            <itemPath>../src/packs/ATSAME54P20A_DFP/component/pukcc.h</itemPath>
            <itemPath>../src/packs/ATSAME54P20A_DFP/component/tc.h</itemPath>
            <itemPath>../src/packs/ATSAME54P20A_DFP/component/port.h</itemPath>
            <itemPath>../src/packs/ATSAME54P20A_DFP/component/pm.h</itemPath>
            <itemPath>../src/packs/ATSAME54P20A_DFP/component/dmac.h</itemPath>
            <itemPath>../src/packs/ATSAME54P20A_DFP/component/rstc.h</itemPath>
            <itemPath>../src/packs/ATSAME54P20A_DFP/component/oscctrl.h</itemPath>
            <itemPath>../src/packs/ATSAME54P20A_DFP/component/freqm.h</itemPath>
            <itemPath>../src/packs/ATSAME54P20A_DFP/component/dac.h</itemPath>
            <itemPath>../src/packs/ATSAME54P20A_DFP/component/hmatrixb.h</itemPath>
            <itemPath>../src/packs/ATSAME54P20A_DFP/component/i2s.h</itemPath>
            <itemPath>../src/packs/ATSAME54P20A_DFP/component/gmac.h</itemPath>
            <itemPath>../src/packs/ATSAME54P20A_DFP/component/trng.h</itemPath>
            <itemPath>../src/packs/ATSAME54P20A_DFP/component/adc.h</itemPath>
            <itemPath>../src/packs/ATSAME54P20A_DFP/component/dsu.h</itemPath>
            <itemPath>../src/packs/ATSAME54P20A_DFP/component/cmcc.h</itemPath>
            <itemPath>../src/packs/ATSAME54P20A_DFP/component/nvmctrl.h</itemPath>
            <itemPath>../src/packs/ATSAME54P20A_DFP/component/eic.h</itemPath>
          </logicalFolder>
          <logicalFolder displayName="instance" name="instance" projectFiles="true">
            <itemPath>../src/packs/ATSAME54P20A_DFP/instance/tc4.h</itemPath>
            <itemPath>../src/packs/ATSAME54P20A_DFP/instance/icm.h</itemPath>
            <itemPath>../src/packs/ATSAME54P20A_DFP/instance/fuses.h</itemPath>
            <itemPath>../src/packs/ATSAME54P20A_DFP/instance/rtc.h</itemPath>
            <itemPath>../src/packs/ATSAME54P20A_DFP/instance/sercom6.h</itemPath>
            <itemPath>../src/packs/ATSAME54P20A_DFP/instance/adc0.h</itemPath>
            <itemPath>../src/packs/ATSAME54P20A_DFP/instance/usb.h</itemPath>
            <itemPath>../src/packs/ATSAME54P20A_DFP/instance/hmatrix.h</itemPath>
            <itemPath>../src/packs/ATSAME54P20A_DFP/instance/aes.h</itemPath>
            <itemPath>../src/packs/ATSAME54P20A_DFP/instance/tc3.h</itemPath>
            <itemPath>../src/packs/ATSAME54P20A_DFP/instance/trng.h</itemPath>
            <itemPath>../src/packs/ATSAME54P20A_DFP/instance/tcc0.h</itemPath>
            <itemPath>../src/packs/ATSAME54P20A_DFP/instance/sercom5.h</itemPath>
            <itemPath>../src/packs/ATSAME54P20A_DFP/instance/evsys.h</itemPath>
            <itemPath>../src/packs/ATSAME54P20A_DFP/instance/adc1.h</itemPath>
            <itemPath>../src/packs/ATSAME54P20A_DFP/instance/pac.h</itemPath>
            <itemPath>../src/packs/ATSAME54P20A_DFP/instance/dmac.h</itemPath>
            <itemPath>../src/packs/ATSAME54P20A_DFP/instance/i2s.h</itemPath>
            <itemPath>../src/packs/ATSAME54P20A_DFP/instance/tc2.h</itemPath>
            <itemPath>../src/packs/ATSAME54P20A_DFP/instance/dac.h</itemPath>
            <itemPath>../src/packs/ATSAME54P20A_DFP/instance/ramecc.h</itemPath>
            <itemPath>../src/packs/ATSAME54P20A_DFP/instance/port.h</itemPath>
            <itemPath>../src/packs/ATSAME54P20A_DFP/instance/oscctrl.h</itemPath>
            <itemPath>../src/packs/ATSAME54P20A_DFP/instance/sercom0.h</itemPath>
            <itemPath>../src/packs/ATSAME54P20A_DFP/instance/osc32kctrl.h</itemPath>
            <itemPath>../src/packs/ATSAME54P20A_DFP/instance/gclk.h</itemPath>
            <itemPath>../src/packs/ATSAME54P20A_DFP/instance/tc1.h</itemPath>
            <itemPath>../src/packs/ATSAME54P20A_DFP/instance/sercom7.h</itemPath>
            <itemPath>../src/packs/ATSAME54P20A_DFP/instance/pdec.h</itemPath>
            <itemPath>../src/packs/ATSAME54P20A_DFP/instance/dsu.h</itemPath>
            <itemPath>../src/packs/ATSAME54P20A_DFP/instance/mclk.h</itemPath>
            <itemPath>../src/packs/ATSAME54P20A_DFP/instance/tc0.h</itemPath>
            <itemPath>../src/packs/ATSAME54P20A_DFP/instance/eic.h</itemPath>
            <itemPath>../src/packs/ATSAME54P20A_DFP/instance/wdt.h</itemPath>
            <itemPath>../src/packs/ATSAME54P20A_DFP/instance/nvmctrl.h</itemPath>
            <itemPath>../src/packs/ATSAME54P20A_DFP/instance/tcc3.h</itemPath>
            <itemPath>../src/packs/ATSAME54P20A_DFP/instance/sercom2.h</itemPath>
            <itemPath>../src/packs/ATSAME54P20A_DFP/instance/qspi.h</itemPath>
            <itemPath>../src/packs/ATSAME54P20A_DFP/instance/supc.h</itemPath>
            <itemPath>../src/packs/ATSAME54P20A_DFP/instance/pm.h</itemPath>
            <itemPath>../src/packs/ATSAME54P20A_DFP/instance/tc7.h</itemPath>
            <itemPath>../src/packs/ATSAME54P20A_DFP/instance/can1.h</itemPath>
            <itemPath>../src/packs/ATSAME54P20A_DFP/instance/tcc4.h</itemPath>
            <itemPath>../src/packs/ATSAME54P20A_DFP/instance/sercom1.h</itemPath>
            <itemPath>../src/packs/ATSAME54P20A_DFP/instance/rstc.h</itemPath>
            <itemPath>../src/packs/ATSAME54P20A_DFP/instance/gmac.h</itemPath>
            <itemPath>../src/packs/ATSAME54P20A_DFP/instance/tc6.h</itemPath>
            <itemPath>../src/packs/ATSAME54P20A_DFP/instance/can0.h</itemPath>
            <itemPath>../src/packs/ATSAME54P20A_DFP/instance/sdhc1.h</itemPath>
            <itemPath>../src/packs/ATSAME54P20A_DFP/instance/ccl.h</itemPath>
            <itemPath>../src/packs/ATSAME54P20A_DFP/instance/tcc1.h</itemPath>
            <itemPath>../src/packs/ATSAME54P20A_DFP/instance/sercom4.h</itemPath>
            <itemPath>../src/packs/ATSAME54P20A_DFP/instance/pcc.h</itemPath>
            <itemPath>../src/packs/ATSAME54P20A_DFP/instance/cmcc.h</itemPath>
            <itemPath>../src/packs/ATSAME54P20A_DFP/instance/tc5.h</itemPath>
            <itemPath>../src/packs/ATSAME54P20A_DFP/instance/ac.h</itemPath>
            <itemPath>../src/packs/ATSAME54P20A_DFP/instance/sdhc0.h</itemPath>
            <itemPath>../src/packs/ATSAME54P20A_DFP/instance/tcc2.h</itemPath>
            <itemPath>../src/packs/ATSAME54P20A_DFP/instance/sercom3.h</itemPath>
            <itemPath>../src/packs/ATSAME54P20A_DFP/instance/freqm.h</itemPath>
          </logicalFolder>
          <logicalFolder displayName="pio" name="pio" projectFiles="true">
            <itemPath>../src/packs/ATSAME54P20A_DFP/pio/same54p20a.h</itemPath>
          </logicalFolder>
          <itemPath>../src/packs/ATSAME54P20A_DFP/same54p20a.h</itemPath>
        </logicalFolder>
        <logicalFolder displayName="CMSIS" name="CMSIS" projectFiles="true">
          <logicalFolder displayName="CMSIS" name="CMSIS" projectFiles="true">
            <logicalFolder displayName="Core" name="Core" projectFiles="true">
              <logicalFolder displayName="Include" name="Include" projectFiles="true">
                <itemPath>../src/packs/CMSIS/CMSIS/Core/Include/cmsis_compiler.h</itemPath>
                <itemPath>../src/packs/CMSIS/CMSIS/Core/Include/cmsis_armclang.h</itemPath>
                <itemPath>../src/packs/CMSIS/CMSIS/Core/Include/core_cm4.h</itemPath>
                <itemPath>../src/packs/CMSIS/CMSIS/Core/Include/cmsis_version.h</itemPath>
                <itemPath>../src/packs/CMSIS/CMSIS/Core/Include/cmsis_armcc.h</itemPath>
                <itemPath>../src/packs/CMSIS/CMSIS/Core/Include/cmsis_gcc.h</itemPath>
                <itemPath>../src/packs/CMSIS/CMSIS/Core/Include/cmsis_iccarm.h</itemPath>
                <itemPath>../src/packs/CMSIS/CMSIS/Core/Include/cmsis_armclang_ltm.h</itemPath>
                <itemPath>../src/packs/CMSIS/CMSIS/Core/Include/mpu_armv7.h</itemPath>
                <itemPath>../src/packs/CMSIS/CMSIS/Core/Include/cachel1_armv7.h</itemPath>
              </logicalFolder>
            </logicalFolder>
          </logicalFolder>
        </logicalFolder>
      </logicalFolder>
      <itemPath>../src/app.h</itemPath>
      <itemPath>../src/app_fs.h</itemPath>
      <itemPath>../src/app_sst26.h</itemPath>
    </logicalFolder>
    <logicalFolder displayName="Important Files" name="ExternalFiles" projectFiles="true">
      <itemPath>Makefile</itemPath>
      <itemPath>E54_SQI_FATFS.mc3</itemPath>
    </logicalFolder>
    <logicalFolder displayName="Linker Files" name="LinkerScript" projectFiles="true">
      <logicalFolder displayName="config" name="config" projectFiles="true">
        <logicalFolder displayName="default" name="default" projectFiles="true">
          <itemPath>../src/config/default/ATSAME54P20A.ld</itemPath>
        </logicalFolder>
      </logicalFolder>
    </logicalFolder>
    <logicalFolder displayName="Source Files" name="SourceFiles" projectFiles="true">
      <logicalFolder displayName="build_mp" name="build_mp" projectFiles="true">
        <logicalFolder displayName="genhdr" name="genhdr" projectFiles="true">
          <itemPath>../src/build_mp/genhdr/moduledefs.h</itemPath>
          <itemPath>../src/build_mp/genhdr/mpversion.h</itemPath>
          <itemPath>../src/build_mp/genhdr/qstrdefs.generated.h</itemPath>
        </logicalFolder>
        <itemPath>../src/build_mp/board.c</itemPath>
        <itemPath>../src/build_mp/modmachine.c</itemPath>
        <itemPath>../src/build_mp/modpyb.c</itemPath>
        <itemPath>../src/build_mp/modpybled.c</itemPath>
        <itemPath>../src/build_mp/modpybswitch.c</itemPath>
        <itemPath>../src/build_mp/modtest.c</itemPath>
        <itemPath>../src/build_mp/modutime.c</itemPath>
        <itemPath>../src/build_mp/board.h</itemPath>
        <itemPath>../src/build_mp/modmachine.h</itemPath>
        <itemPath>../src/build_mp/modpyb.h</itemPath>
        <itemPath>../src/build_mp/modtest.h</itemPath>
        <itemPath>../src/build_mp/machine_pin.c</itemPath>
        <itemPath>../src/build_mp/machine_timer.c</itemPath>
        <itemPath>../src/build_mp/same54_mphal.c</itemPath>
        <itemPath>../src/build_mp/same54_mphal.h</itemPath>
        <itemPath>../src/build_mp/machine_adc.c</itemPath>
        <itemPath>../src/build_mp/machine_adc.h</itemPath>
        <itemPath>../src/build_mp/machine_i2c.c</itemPath>
        <itemPath>../src/build_mp/machine_uart.c</itemPath>
      </logicalFolder>
      <logicalFolder displayName="config" name="config" projectFiles="true">
        <logicalFolder displayName="default" name="default" projectFiles="true">
          <logicalFolder displayName="bsp" name="bsp" projectFiles="true">
            <itemPath>../src/config/default/bsp/bsp.c</itemPath>
          </logicalFolder>
          <logicalFolder displayName="driver" name="driver" projectFiles="true">
            <logicalFolder displayName="memory" name="memory" projectFiles="true">
              <itemPath>../src/config/default/driver/memory/src/drv_memory.c</itemPath>
              <itemPath>../src/config/default/driver/memory/src/drv_memory_file_system.c</itemPath>
            </logicalFolder>
            <logicalFolder displayName="sst26" name="sst26" projectFiles="true">
              <itemPath>../src/config/default/driver/sst26/src/drv_sst26.c</itemPath>
            </logicalFolder>
            <logicalFolder displayName="usb" name="usb" projectFiles="true">
              <logicalFolder displayName="usbfsv1" name="usbfsv1" projectFiles="true">
                <logicalFolder displayName="src" name="src" projectFiles="true">
                  <itemPath>../src/config/default/driver/usb/usbfsv1/src/drv_usbfsv1.c</itemPath>
                  <itemPath>../src/config/default/driver/usb/usbfsv1/src/drv_usbfsv1_device.c</itemPath>
                </logicalFolder>
              </logicalFolder>
            </logicalFolder>
          </logicalFolder>
          <logicalFolder displayName="osal" name="osal" projectFiles="true">
            <itemPath>../src/config/default/osal/osal_freertos.c</itemPath>
          </logicalFolder>
          <logicalFolder displayName="peripheral" name="peripheral" projectFiles="true">
            <logicalFolder displayName="adc" name="adc" projectFiles="true">
              <itemPath>../src/config/default/peripheral/adc/plib_adc1.c</itemPath>
              <itemPath>../src/config/default/peripheral/adc/plib_adc0.c</itemPath>
            </logicalFolder>
            <logicalFolder displayName="clock" name="clock" projectFiles="true">
              <itemPath>../src/config/default/peripheral/clock/plib_clock.c</itemPath>
            </logicalFolder>
            <logicalFolder displayName="cmcc" name="cmcc" projectFiles="true">
              <itemPath>../src/config/default/peripheral/cmcc/plib_cmcc.c</itemPath>
            </logicalFolder>
            <logicalFolder displayName="evsys" name="evsys" projectFiles="true">
              <itemPath>../src/config/default/peripheral/evsys/plib_evsys.c</itemPath>
            </logicalFolder>
            <logicalFolder displayName="nvic" name="nvic" projectFiles="true">
              <itemPath>../src/config/default/peripheral/nvic/plib_nvic.c</itemPath>
            </logicalFolder>
            <logicalFolder displayName="nvmctrl" name="nvmctrl" projectFiles="true">
              <itemPath>../src/config/default/peripheral/nvmctrl/plib_nvmctrl.c</itemPath>
            </logicalFolder>
            <logicalFolder displayName="port" name="port" projectFiles="true">
              <itemPath>../src/config/default/peripheral/port/plib_port.c</itemPath>
            </logicalFolder>
            <logicalFolder displayName="qspi" name="qspi" projectFiles="true">
              <itemPath>../src/config/default/peripheral/qspi/plib_qspi.c</itemPath>
            </logicalFolder>
            <logicalFolder displayName="rtc" name="rtc" projectFiles="true">
              <itemPath>../src/config/default/peripheral/rtc/plib_rtc_timer.c</itemPath>
            </logicalFolder>
            <logicalFolder displayName="sercom" name="sercom" projectFiles="true">
              <logicalFolder displayName="i2c_master" name="i2c_master" projectFiles="true">
                <itemPath>../src/config/default/peripheral/sercom/i2c_master/plib_sercom3_i2c_master.c</itemPath>
                <itemPath>../src/config/default/peripheral/sercom/i2c_master/plib_sercom7_i2c_master.c</itemPath>
              </logicalFolder>
              <logicalFolder displayName="usart" name="usart" projectFiles="true">
                <itemPath>../src/config/default/peripheral/sercom/usart/plib_sercom2_usart.c</itemPath>
                <itemPath>../src/config/default/peripheral/sercom/usart/plib_sercom5_usart.c</itemPath>
              </logicalFolder>
            </logicalFolder>
          </logicalFolder>
          <logicalFolder displayName="stdio" name="stdio" projectFiles="true">
            <itemPath>../src/config/default/stdio/xc32_monitor.c</itemPath>
          </logicalFolder>
          <logicalFolder displayName="system" name="system" projectFiles="true">
            <logicalFolder displayName="cache" name="cache" projectFiles="true">
              <itemPath>../src/config/default/system/cache/sys_cache.c</itemPath>
            </logicalFolder>
            <logicalFolder displayName="console" name="console" projectFiles="true">
              <itemPath>../src/config/default/system/console/src/sys_console_uart.c</itemPath>
              <itemPath>../src/config/default/system/console/src/sys_console.c</itemPath>
            </logicalFolder>
            <logicalFolder displayName="debug" name="debug" projectFiles="true">
              <itemPath>../src/config/default/system/debug/src/sys_debug.c</itemPath>
            </logicalFolder>
            <logicalFolder displayName="fs" name="fs" projectFiles="true">
              <logicalFolder displayName="fat_fs" name="fat_fs" projectFiles="true">
                <logicalFolder displayName="file_system" name="file_system" projectFiles="true">
                  <itemPath>../src/config/default/system/fs/fat_fs/file_system/ff.c</itemPath>
                  <itemPath>../src/config/default/system/fs/fat_fs/file_system/ffunicode.c</itemPath>
                </logicalFolder>
                <logicalFolder displayName="hardware_access" name="hardware_access" projectFiles="true">
                  <itemPath>../src/config/default/system/fs/fat_fs/hardware_access/diskio.c</itemPath>
                </logicalFolder>
              </logicalFolder>
              <itemPath>../src/config/default/system/fs/src/sys_fs_media_manager.c</itemPath>
              <itemPath>../src/config/default/system/fs/src/sys_fs.c</itemPath>
              <itemPath>../src/config/default/system/fs/src/sys_fs_fat_interface.c</itemPath>
            </logicalFolder>
            <logicalFolder displayName="int" name="int" projectFiles="true">
              <itemPath>../src/config/default/system/int/src/sys_int.c</itemPath>
            </logicalFolder>
            <logicalFolder displayName="time" name="time" projectFiles="true">
              <itemPath>../src/config/default/system/time/src/sys_time.c</itemPath>
            </logicalFolder>
          </logicalFolder>
          <logicalFolder displayName="usb" name="usb" projectFiles="true">
            <logicalFolder displayName="src" name="src" projectFiles="true">
              <itemPath>../src/config/default/usb/src/usb_device_msd.c</itemPath>
              <itemPath>../src/config/default/usb/src/usb_device.c</itemPath>
            </logicalFolder>
          </logicalFolder>
          <itemPath>../src/config/default/startup_xc32.c</itemPath>
          <itemPath>../src/config/default/usb_device_init_data.c</itemPath>
          <itemPath>../src/config/default/exceptions.c</itemPath>
          <itemPath>../src/config/default/initialization.c</itemPath>
          <itemPath>../src/config/default/interrupts.c</itemPath>
          <itemPath>../src/config/default/libc_syscalls.c</itemPath>
          <itemPath>../src/config/default/tasks.c</itemPath>
          <itemPath>../src/config/default/diskImage.c</itemPath>
          <itemPath>../src/config/default/freertos_hooks.c</itemPath>
          <itemPath>../src/config/default/mpconfigport.h</itemPath>
        </logicalFolder>
      </logicalFolder>
      <logicalFolder displayName="FreeRTOS" name="FreeRTOS" projectFiles="true">
        <logicalFolder displayName="Source" name="Source" projectFiles="true">
          <logicalFolder displayName="portable" name="portable" projectFiles="true">
            <logicalFolder displayName="GCC" name="GCC" projectFiles="true">
              <logicalFolder displayName="SAM" name="SAM" projectFiles="true">
                <logicalFolder displayName="ARM_CM4F" name="ARM_CM4F" projectFiles="true">
                  <itemPath>../src/third_party/rtos/FreeRTOS/Source/portable/GCC/SAM/ARM_CM4F/port.c</itemPath>
                </logicalFolder>
              </logicalFolder>
            </logicalFolder>
            <logicalFolder displayName="MemMang" name="MemMang" projectFiles="true">
              <itemPath>../src/third_party/rtos/FreeRTOS/Source/portable/MemMang/heap_4.c</itemPath>
            </logicalFolder>
          </logicalFolder>
          <itemPath>../src/third_party/rtos/FreeRTOS/Source/FreeRTOS_tasks.c</itemPath>
          <itemPath>../src/third_party/rtos/FreeRTOS/Source/stream_buffer.c</itemPath>
          <itemPath>../src/third_party/rtos/FreeRTOS/Source/event_groups.c</itemPath>
          <itemPath>../src/third_party/rtos/FreeRTOS/Source/queue.c</itemPath>
          <itemPath>../src/third_party/rtos/FreeRTOS/Source/timers.c</itemPath>
          <itemPath>../src/third_party/rtos/FreeRTOS/Source/croutine.c</itemPath>
          <itemPath>../src/third_party/rtos/FreeRTOS/Source/list.c</itemPath>
        </logicalFolder>
      </logicalFolder>
      <logicalFolder displayName="mp" name="mp" projectFiles="true">
        <logicalFolder displayName="extmod" name="extmod" projectFiles="true">
          <itemPath>../src/third_party/mp/extmod/machine_bitstream.c</itemPath>
          <itemPath>../src/third_party/mp/extmod/machine_i2c.c</itemPath>
          <itemPath>../src/third_party/mp/extmod/machine_mem.c</itemPath>
          <itemPath>../src/third_party/mp/extmod/machine_pinbase.c</itemPath>
          <itemPath>../src/third_party/mp/extmod/machine_pulse.c</itemPath>
          <itemPath>../src/third_party/mp/extmod/machine_pwm.c</itemPath>
          <itemPath>../src/third_party/mp/extmod/machine_signal.c</itemPath>
          <itemPath>../src/third_party/mp/extmod/machine_spi.c</itemPath>
          <itemPath>../src/third_party/mp/extmod/modbluetooth.c</itemPath>
          <itemPath>../src/third_party/mp/extmod/modbtree.c</itemPath>
          <itemPath>../src/third_party/mp/extmod/modframebuf.c</itemPath>
          <itemPath>../src/third_party/mp/extmod/modonewire.c</itemPath>
          <itemPath>../src/third_party/mp/extmod/moduasyncio.c</itemPath>
          <itemPath>../src/third_party/mp/extmod/modubinascii.c</itemPath>
          <itemPath>../src/third_party/mp/extmod/moducryptolib.c</itemPath>
          <itemPath>../src/third_party/mp/extmod/moductypes.c</itemPath>
          <itemPath>../src/third_party/mp/extmod/moduhashlib.c</itemPath>
          <itemPath>../src/third_party/mp/extmod/moduheapq.c</itemPath>
          <itemPath>../src/third_party/mp/extmod/modujson.c</itemPath>
          <itemPath>../src/third_party/mp/extmod/moduos.c</itemPath>
          <itemPath>../src/third_party/mp/extmod/moduplatform.c</itemPath>
          <itemPath>../src/third_party/mp/extmod/modurandom.c</itemPath>
          <itemPath>../src/third_party/mp/extmod/modure.c</itemPath>
          <itemPath>../src/third_party/mp/extmod/moduselect.c</itemPath>
          <itemPath>../src/third_party/mp/extmod/modusocket.c</itemPath>
          <itemPath>../src/third_party/mp/extmod/modussl_axtls.c</itemPath>
          <itemPath>../src/third_party/mp/extmod/modussl_mbedtls.c</itemPath>
          <itemPath>../src/third_party/mp/extmod/modutimeq.c</itemPath>
          <itemPath>../src/third_party/mp/extmod/moduwebsocket.c</itemPath>
          <itemPath>../src/third_party/mp/extmod/moduzlib.c</itemPath>
          <itemPath>../src/third_party/mp/extmod/modwebrepl.c</itemPath>
          <itemPath>../src/third_party/mp/extmod/mpbthci.c</itemPath>
          <itemPath>../src/third_party/mp/extmod/utime_mphal.c</itemPath>
          <itemPath>../src/third_party/mp/extmod/font_petme128_8x8.h</itemPath>
          <itemPath>../src/third_party/mp/extmod/machine_bitstream.h</itemPath>
          <itemPath>../src/third_party/mp/extmod/machine_i2c.h</itemPath>
          <itemPath>../src/third_party/mp/extmod/machine_mem.h</itemPath>
          <itemPath>../src/third_party/mp/extmod/machine_pinbase.h</itemPath>
          <itemPath>../src/third_party/mp/extmod/machine_pulse.h</itemPath>
          <itemPath>../src/third_party/mp/extmod/machine_pwm.h</itemPath>
          <itemPath>../src/third_party/mp/extmod/machine_signal.h</itemPath>
          <itemPath>../src/third_party/mp/extmod/machine_spi.h</itemPath>
          <itemPath>../src/third_party/mp/extmod/misc.h</itemPath>
          <itemPath>../src/third_party/mp/extmod/modbluetooth.h</itemPath>
          <itemPath>../src/third_party/mp/extmod/modnetwork.h</itemPath>
          <itemPath>../src/third_party/mp/extmod/moduplatform.h</itemPath>
          <itemPath>../src/third_party/mp/extmod/moduwebsocket.h</itemPath>
          <itemPath>../src/third_party/mp/extmod/mpbthci.h</itemPath>
          <itemPath>../src/third_party/mp/extmod/network_cyw43.h</itemPath>
          <itemPath>../src/third_party/mp/extmod/utime_mphal.h</itemPath>
          <itemPath>../src/third_party/mp/extmod/vfs.h</itemPath>
          <itemPath>../src/third_party/mp/extmod/vfs_fat.h</itemPath>
          <itemPath>../src/third_party/mp/extmod/vfs_lfs.h</itemPath>
          <itemPath>../src/third_party/mp/extmod/vfs_posix.h</itemPath>
          <itemPath>../src/third_party/mp/extmod/virtpin.h</itemPath>
          <itemPath>../src/third_party/mp/extmod/virtpin.c</itemPath>
          <itemPath>../src/third_party/mp/extmod/uos_dupterm.c</itemPath>
        </logicalFolder>
        <logicalFolder displayName="port" name="port" projectFiles="true">
          <logicalFolder displayName="same54p20a" name="same54p20a" projectFiles="true">
            <itemPath>../src/third_party/mp/port/same54p20a/same54p20a_adc.c</itemPath>
            <itemPath>../src/third_party/mp/port/same54p20a/same54p20a_gpio.c</itemPath>
            <itemPath>../src/third_party/mp/port/same54p20a/same54p20a_adc.h</itemPath>
            <itemPath>../src/third_party/mp/port/same54p20a/same54p20a_gpio.h</itemPath>
          </logicalFolder>
        </logicalFolder>
        <logicalFolder displayName="py" name="py" projectFiles="true">
          <logicalFolder displayName="__pycache__" name="__pycache__" projectFiles="true">
          </logicalFolder>
          <itemPath>../src/third_party/mp/py/argcheck.c</itemPath>
          <itemPath>../src/third_party/mp/py/asmarm.c</itemPath>
          <itemPath>../src/third_party/mp/py/asmbase.c</itemPath>
          <itemPath>../src/third_party/mp/py/asmthumb.c</itemPath>
          <itemPath>../src/third_party/mp/py/asmx64.c</itemPath>
          <itemPath>../src/third_party/mp/py/asmx86.c</itemPath>
          <itemPath>../src/third_party/mp/py/asmxtensa.c</itemPath>
          <itemPath>../src/third_party/mp/py/bc.c</itemPath>
          <itemPath>../src/third_party/mp/py/binary.c</itemPath>
          <itemPath>../src/third_party/mp/py/builtinevex.c</itemPath>
          <itemPath>../src/third_party/mp/py/builtinhelp.c</itemPath>
          <itemPath>../src/third_party/mp/py/builtinimport.c</itemPath>
          <itemPath>../src/third_party/mp/py/compile.c</itemPath>
          <itemPath>../src/third_party/mp/py/emitbc.c</itemPath>
          <itemPath>../src/third_party/mp/py/emitcommon.c</itemPath>
          <itemPath>../src/third_party/mp/py/emitglue.c</itemPath>
          <itemPath>../src/third_party/mp/py/emitinlinethumb.c</itemPath>
          <itemPath>../src/third_party/mp/py/emitinlinextensa.c</itemPath>
          <itemPath>../src/third_party/mp/py/emitnarm.c</itemPath>
          <itemPath>../src/third_party/mp/py/emitnative.c</itemPath>
          <itemPath>../src/third_party/mp/py/emitnthumb.c</itemPath>
          <itemPath>../src/third_party/mp/py/emitnx64.c</itemPath>
          <itemPath>../src/third_party/mp/py/emitnx86.c</itemPath>
          <itemPath>../src/third_party/mp/py/emitnxtensa.c</itemPath>
          <itemPath>../src/third_party/mp/py/emitnxtensawin.c</itemPath>
          <itemPath>../src/third_party/mp/py/formatfloat.c</itemPath>
          <itemPath>../src/third_party/mp/py/frozenmod.c</itemPath>
          <itemPath>../src/third_party/mp/py/gc.c</itemPath>
          <itemPath>../src/third_party/mp/py/lexer.c</itemPath>
          <itemPath>../src/third_party/mp/py/malloc.c</itemPath>
          <itemPath>../src/third_party/mp/py/map.c</itemPath>
          <itemPath>../src/third_party/mp/py/modarray.c</itemPath>
          <itemPath>../src/third_party/mp/py/modbuiltins.c</itemPath>
          <itemPath>../src/third_party/mp/py/modcmath.c</itemPath>
          <itemPath>../src/third_party/mp/py/modcollections.c</itemPath>
          <itemPath>../src/third_party/mp/py/modgc.c</itemPath>
          <itemPath>../src/third_party/mp/py/modio.c</itemPath>
          <itemPath>../src/third_party/mp/py/modmath.c</itemPath>
          <itemPath>../src/third_party/mp/py/modmicropython.c</itemPath>
          <itemPath>../src/third_party/mp/py/modstruct.c</itemPath>
          <itemPath>../src/third_party/mp/py/modsys.c</itemPath>
          <itemPath>../src/third_party/mp/py/modthread.c</itemPath>
          <itemPath>../src/third_party/mp/py/moduerrno.c</itemPath>
          <itemPath>../src/third_party/mp/py/mpprint.c</itemPath>
          <itemPath>../src/third_party/mp/py/mpstate.c</itemPath>
          <itemPath>../src/third_party/mp/py/mpz.c</itemPath>
          <itemPath>../src/third_party/mp/py/nativeglue.c</itemPath>
          <itemPath>../src/third_party/mp/py/nlr.c</itemPath>
          <itemPath>../src/third_party/mp/py/nlraarch64.c</itemPath>
          <itemPath>../src/third_party/mp/py/nlrpowerpc.c</itemPath>
          <itemPath>../src/third_party/mp/py/nlrsetjmp.c</itemPath>
          <itemPath>../src/third_party/mp/py/nlrthumb.c</itemPath>
          <itemPath>../src/third_party/mp/py/nlrx64.c</itemPath>
          <itemPath>../src/third_party/mp/py/nlrx86.c</itemPath>
          <itemPath>../src/third_party/mp/py/nlrxtensa.c</itemPath>
          <itemPath>../src/third_party/mp/py/obj.c</itemPath>
          <itemPath>../src/third_party/mp/py/objarray.c</itemPath>
          <itemPath>../src/third_party/mp/py/objattrtuple.c</itemPath>
          <itemPath>../src/third_party/mp/py/objbool.c</itemPath>
          <itemPath>../src/third_party/mp/py/objboundmeth.c</itemPath>
          <itemPath>../src/third_party/mp/py/objcell.c</itemPath>
          <itemPath>../src/third_party/mp/py/objclosure.c</itemPath>
          <itemPath>../src/third_party/mp/py/objcomplex.c</itemPath>
          <itemPath>../src/third_party/mp/py/objdeque.c</itemPath>
          <itemPath>../src/third_party/mp/py/objdict.c</itemPath>
          <itemPath>../src/third_party/mp/py/objenumerate.c</itemPath>
          <itemPath>../src/third_party/mp/py/objexcept.c</itemPath>
          <itemPath>../src/third_party/mp/py/objfilter.c</itemPath>
          <itemPath>../src/third_party/mp/py/objfloat.c</itemPath>
          <itemPath>../src/third_party/mp/py/objfun.c</itemPath>
          <itemPath>../src/third_party/mp/py/objgenerator.c</itemPath>
          <itemPath>../src/third_party/mp/py/objgetitemiter.c</itemPath>
          <itemPath>../src/third_party/mp/py/objint.c</itemPath>
          <itemPath>../src/third_party/mp/py/objint_longlong.c</itemPath>
          <itemPath>../src/third_party/mp/py/objint_mpz.c</itemPath>
          <itemPath>../src/third_party/mp/py/objlist.c</itemPath>
          <itemPath>../src/third_party/mp/py/objmap.c</itemPath>
          <itemPath>../src/third_party/mp/py/objmodule.c</itemPath>
          <itemPath>../src/third_party/mp/py/objnamedtuple.c</itemPath>
          <itemPath>../src/third_party/mp/py/objnone.c</itemPath>
          <itemPath>../src/third_party/mp/py/objobject.c</itemPath>
          <itemPath>../src/third_party/mp/py/objpolyiter.c</itemPath>
          <itemPath>../src/third_party/mp/py/objproperty.c</itemPath>
          <itemPath>../src/third_party/mp/py/objrange.c</itemPath>
          <itemPath>../src/third_party/mp/py/objreversed.c</itemPath>
          <itemPath>../src/third_party/mp/py/objset.c</itemPath>
          <itemPath>../src/third_party/mp/py/objsingleton.c</itemPath>
          <itemPath>../src/third_party/mp/py/objslice.c</itemPath>
          <itemPath>../src/third_party/mp/py/objstr.c</itemPath>
          <itemPath>../src/third_party/mp/py/objstringio.c</itemPath>
          <itemPath>../src/third_party/mp/py/objstrunicode.c</itemPath>
          <itemPath>../src/third_party/mp/py/objtuple.c</itemPath>
          <itemPath>../src/third_party/mp/py/objtype.c</itemPath>
          <itemPath>../src/third_party/mp/py/objzip.c</itemPath>
          <itemPath>../src/third_party/mp/py/opmethods.c</itemPath>
          <itemPath>../src/third_party/mp/py/pairheap.c</itemPath>
          <itemPath>../src/third_party/mp/py/parse.c</itemPath>
          <itemPath>../src/third_party/mp/py/parsenum.c</itemPath>
          <itemPath>../src/third_party/mp/py/parsenumbase.c</itemPath>
          <itemPath>../src/third_party/mp/py/persistentcode.c</itemPath>
          <itemPath>../src/third_party/mp/py/profile.c</itemPath>
          <itemPath>../src/third_party/mp/py/pystack.c</itemPath>
          <itemPath>../src/third_party/mp/py/qstr.c</itemPath>
          <itemPath>../src/third_party/mp/py/reader.c</itemPath>
          <itemPath>../src/third_party/mp/py/repl.c</itemPath>
          <itemPath>../src/third_party/mp/py/ringbuf.c</itemPath>
          <itemPath>../src/third_party/mp/py/runtime.c</itemPath>
          <itemPath>../src/third_party/mp/py/runtime_utils.c</itemPath>
          <itemPath>../src/third_party/mp/py/scheduler.c</itemPath>
          <itemPath>../src/third_party/mp/py/scope.c</itemPath>
          <itemPath>../src/third_party/mp/py/sequence.c</itemPath>
          <itemPath>../src/third_party/mp/py/showbc.c</itemPath>
          <itemPath>../src/third_party/mp/py/smallint.c</itemPath>
          <itemPath>../src/third_party/mp/py/stackctrl.c</itemPath>
          <itemPath>../src/third_party/mp/py/stream.c</itemPath>
          <itemPath>../src/third_party/mp/py/unicode.c</itemPath>
          <itemPath>../src/third_party/mp/py/vm.c</itemPath>
          <itemPath>../src/third_party/mp/py/vstr.c</itemPath>
          <itemPath>../src/third_party/mp/py/warning.c</itemPath>
          <itemPath>../src/third_party/mp/py/asmarm.h</itemPath>
          <itemPath>../src/third_party/mp/py/asmbase.h</itemPath>
          <itemPath>../src/third_party/mp/py/asmthumb.h</itemPath>
          <itemPath>../src/third_party/mp/py/asmx64.h</itemPath>
          <itemPath>../src/third_party/mp/py/asmx86.h</itemPath>
          <itemPath>../src/third_party/mp/py/asmxtensa.h</itemPath>
          <itemPath>../src/third_party/mp/py/bc.h</itemPath>
          <itemPath>../src/third_party/mp/py/bc0.h</itemPath>
          <itemPath>../src/third_party/mp/py/binary.h</itemPath>
          <itemPath>../src/third_party/mp/py/builtin.h</itemPath>
          <itemPath>../src/third_party/mp/py/compile.h</itemPath>
          <itemPath>../src/third_party/mp/py/dynruntime.h</itemPath>
          <itemPath>../src/third_party/mp/py/emit.h</itemPath>
          <itemPath>../src/third_party/mp/py/emitglue.h</itemPath>
          <itemPath>../src/third_party/mp/py/formatfloat.h</itemPath>
          <itemPath>../src/third_party/mp/py/frozenmod.h</itemPath>
          <itemPath>../src/third_party/mp/py/gc.h</itemPath>
          <itemPath>../src/third_party/mp/py/grammar.h</itemPath>
          <itemPath>../src/third_party/mp/py/lexer.h</itemPath>
          <itemPath>../src/third_party/mp/py/misc.h</itemPath>
          <itemPath>../src/third_party/mp/py/mpconfig.h</itemPath>
          <itemPath>../src/third_party/mp/py/mperrno.h</itemPath>
          <itemPath>../src/third_party/mp/py/mphal.h</itemPath>
          <itemPath>../src/third_party/mp/py/mpprint.h</itemPath>
          <itemPath>../src/third_party/mp/py/mpstate.h</itemPath>
          <itemPath>../src/third_party/mp/py/mpthread.h</itemPath>
          <itemPath>../src/third_party/mp/py/mpz.h</itemPath>
          <itemPath>../src/third_party/mp/py/nativeglue.h</itemPath>
          <itemPath>../src/third_party/mp/py/nlr.h</itemPath>
          <itemPath>../src/third_party/mp/py/obj.h</itemPath>
          <itemPath>../src/third_party/mp/py/objarray.h</itemPath>
          <itemPath>../src/third_party/mp/py/objexcept.h</itemPath>
          <itemPath>../src/third_party/mp/py/objfun.h</itemPath>
          <itemPath>../src/third_party/mp/py/objgenerator.h</itemPath>
          <itemPath>../src/third_party/mp/py/objint.h</itemPath>
          <itemPath>../src/third_party/mp/py/objlist.h</itemPath>
          <itemPath>../src/third_party/mp/py/objmodule.h</itemPath>
          <itemPath>../src/third_party/mp/py/objnamedtuple.h</itemPath>
          <itemPath>../src/third_party/mp/py/objstr.h</itemPath>
          <itemPath>../src/third_party/mp/py/objstringio.h</itemPath>
          <itemPath>../src/third_party/mp/py/objtuple.h</itemPath>
          <itemPath>../src/third_party/mp/py/objtype.h</itemPath>
          <itemPath>../src/third_party/mp/py/pairheap.h</itemPath>
          <itemPath>../src/third_party/mp/py/parse.h</itemPath>
          <itemPath>../src/third_party/mp/py/parsenum.h</itemPath>
          <itemPath>../src/third_party/mp/py/parsenumbase.h</itemPath>
          <itemPath>../src/third_party/mp/py/persistentcode.h</itemPath>
          <itemPath>../src/third_party/mp/py/profile.h</itemPath>
          <itemPath>../src/third_party/mp/py/pystack.h</itemPath>
          <itemPath>../src/third_party/mp/py/qstr.h</itemPath>
          <itemPath>../src/third_party/mp/py/qstrdefs.h</itemPath>
          <itemPath>../src/third_party/mp/py/reader.h</itemPath>
          <itemPath>../src/third_party/mp/py/repl.h</itemPath>
          <itemPath>../src/third_party/mp/py/ringbuf.h</itemPath>
          <itemPath>../src/third_party/mp/py/runtime.h</itemPath>
          <itemPath>../src/third_party/mp/py/runtime0.h</itemPath>
          <itemPath>../src/third_party/mp/py/scope.h</itemPath>
          <itemPath>../src/third_party/mp/py/smallint.h</itemPath>
          <itemPath>../src/third_party/mp/py/stackctrl.h</itemPath>
          <itemPath>../src/third_party/mp/py/stream.h</itemPath>
          <itemPath>../src/third_party/mp/py/unicode.h</itemPath>
          <itemPath>../src/third_party/mp/py/vmentrytable.h</itemPath>
        </logicalFolder>
        <logicalFolder displayName="shared" name="shared" projectFiles="true">
          <logicalFolder displayName="libc" name="libc" projectFiles="true">
            <itemPath>../src/third_party/mp/shared/libc/abort_.c</itemPath>
            <itemPath>../src/third_party/mp/shared/libc/printf.c</itemPath>
            <itemPath>../src/third_party/mp/shared/libc/string0.c</itemPath>
            <itemPath>../src/third_party/mp/shared/libc/__errno.c</itemPath>
          </logicalFolder>
          <logicalFolder displayName="memzip" name="memzip" projectFiles="true">
            <itemPath>../src/third_party/mp/shared/memzip/import.c</itemPath>
            <itemPath>../src/third_party/mp/shared/memzip/lexermemzip.c</itemPath>
            <itemPath>../src/third_party/mp/shared/memzip/memzip.c</itemPath>
          </logicalFolder>
          <logicalFolder displayName="netutils" name="netutils" projectFiles="true">
            <itemPath>../src/third_party/mp/shared/netutils/dhcpserver.c</itemPath>
            <itemPath>../src/third_party/mp/shared/netutils/netutils.c</itemPath>
            <itemPath>../src/third_party/mp/shared/netutils/trace.c</itemPath>
            <itemPath>../src/third_party/mp/shared/netutils/dhcpserver.h</itemPath>
            <itemPath>../src/third_party/mp/shared/netutils/netutils.h</itemPath>
          </logicalFolder>
          <logicalFolder displayName="readline" name="readline" projectFiles="true">
            <itemPath>../src/third_party/mp/shared/readline/readline.c</itemPath>
            <itemPath>../src/third_party/mp/shared/readline/readline.h</itemPath>
          </logicalFolder>
          <logicalFolder displayName="runtime" name="runtime" projectFiles="true">
            <itemPath>../src/third_party/mp/shared/runtime/interrupt_char.c</itemPath>
            <itemPath>../src/third_party/mp/shared/runtime/mpirq.c</itemPath>
            <itemPath>../src/third_party/mp/shared/runtime/pyexec.c</itemPath>
            <itemPath>../src/third_party/mp/shared/runtime/sys_stdio_mphal.c</itemPath>
            <itemPath>../src/third_party/mp/shared/runtime/gchelper.h</itemPath>
            <itemPath>../src/third_party/mp/shared/runtime/interrupt_char.h</itemPath>
            <itemPath>../src/third_party/mp/shared/runtime/mpirq.h</itemPath>
            <itemPath>../src/third_party/mp/shared/runtime/pyexec.h</itemPath>
            <itemPath>../src/third_party/mp/shared/runtime/semihosting.h</itemPath>
            <itemPath>../src/third_party/mp/shared/runtime/semihosting.c</itemPath>
          </logicalFolder>
          <logicalFolder displayName="timeutils" name="timeutils" projectFiles="true">
            <itemPath>../src/third_party/mp/shared/timeutils/timeutils.c</itemPath>
            <itemPath>../src/third_party/mp/shared/timeutils/timeutils.h</itemPath>
          </logicalFolder>
        </logicalFolder>
      </logicalFolder>
      <itemPath>../src/app.c</itemPath>
      <itemPath>../src/main.c</itemPath>
      <itemPath>../src/config/default/pin_configurations.csv</itemPath>
      <itemPath>../src/app_fs.c</itemPath>
      <itemPath>../src/app_sst26.c</itemPath>
    </logicalFolder>
  </logicalFolder>
  <sourceRootList>
    <Elem>.</Elem>
    <Elem>../src</Elem>
  </sourceRootList>
  <projectmakefile>Makefile</projectmakefile>
  <confs>
    <conf name="default" type="2">
      <toolsSet>
        <developmentServer>localhost</developmentServer>
        <targetDevice>ATSAME54P20A</targetDevice>
        <targetHeader/>
        <targetPluginBoard/>
        <platformTool>EdbgTool</platformTool>
        <languageToolchain>XC32</languageToolchain>
        <languageToolchainVersion>4.35</languageToolchainVersion>
        <platform>3</platform>
      </toolsSet>
      <packs>
        <pack name="CMSIS" vendor="ARM" version="5.8.0"/>
        <pack name="SAME54_DFP" vendor="Microchip" version="3.8.234"/>
      </packs>
      <ScriptingSettings>
      </ScriptingSettings>
      <compileType>
        <linkerTool>
          <linkerLibItems>
          </linkerLibItems>
        </linkerTool>
        <archiverTool>
        </archiverTool>
        <loading>
          <useAlternateLoadableFile>false</useAlternateLoadableFile>
          <parseOnProdLoad>false</parseOnProdLoad>
          <alternateLoadableFile/>
        </loading>
        <subordinates>
        </subordinates>
      </compileType>
      <makeCustomizationType>
        <makeCustomizationPreStepEnabled>false</makeCustomizationPreStepEnabled>
        <makeUseCleanTarget>false</makeUseCleanTarget>
        <makeCustomizationPreStep/>
        <makeCustomizationPostStepEnabled>false</makeCustomizationPostStepEnabled>
        <makeCustomizationPostStep/>
        <makeCustomizationPutChecksumInUserID>false</makeCustomizationPutChecksumInUserID>
        <makeCustomizationEnableLongLines>false</makeCustomizationEnableLongLines>
        <makeCustomizationNormalizeHexFile>false</makeCustomizationNormalizeHexFile>
      </makeCustomizationType>
      <item ex="true" overriding="false" path="../src/app_sst26.c">
        <C32>
        </C32>
        <C32-AR>
        </C32-AR>
        <C32-AS>
        </C32-AS>
        <C32-CO>
        </C32-CO>
        <C32-LD>
        </C32-LD>
        <C32CPP>
        </C32CPP>
        <C32Global>
        </C32Global>
      </item>
      <item ex="true" overriding="false" path="../src/third_party/mp/extmod/modnetwork.h">
        <C32>
        </C32>
        <C32-AR>
        </C32-AR>
        <C32-AS>
        </C32-AS>
        <C32-CO>
        </C32-CO>
        <C32-LD>
        </C32-LD>
        <C32CPP>
        </C32CPP>
        <C32Global>
        </C32Global>
      </item>
      <item ex="true" overriding="false" path="../src/third_party/mp/extmod/network_cyw43.h">
        <C32>
        </C32>
        <C32-AR>
        </C32-AR>
        <C32-AS>
        </C32-AS>
        <C32-CO>
        </C32-CO>
        <C32-LD>
        </C32-LD>
        <C32CPP>
        </C32CPP>
        <C32Global>
        </C32Global>
      </item>
      <item ex="true" overriding="false" path="../src/third_party/mp/extmod/vfs.h">
        <C32>
        </C32>
        <C32-AR>
        </C32-AR>
        <C32-AS>
        </C32-AS>
        <C32-CO>
        </C32-CO>
        <C32-LD>
        </C32-LD>
        <C32CPP>
        </C32CPP>
        <C32Global>
        </C32Global>
      </item>
      <item ex="true" overriding="false" path="../src/third_party/mp/extmod/vfs_fat.h">
        <C32>
        </C32>
        <C32-AR>
        </C32-AR>
        <C32-AS>
        </C32-AS>
        <C32-CO>
        </C32-CO>
        <C32-LD>
        </C32-LD>
        <C32CPP>
        </C32CPP>
        <C32Global>
        </C32Global>
      </item>
      <item ex="true" overriding="false" path="../src/third_party/mp/extmod/vfs_lfs.h">
        <C32>
        </C32>
        <C32-AR>
        </C32-AR>
        <C32-AS>
        </C32-AS>
        <C32-CO>
        </C32-CO>
        <C32-LD>
        </C32-LD>
        <C32CPP>
        </C32CPP>
        <C32Global>
        </C32Global>
      </item>
      <item ex="true" overriding="false" path="../src/third_party/mp/extmod/vfs_posix.h">
        <C32>
        </C32>
        <C32-AR>
        </C32-AR>
        <C32-AS>
        </C32-AS>
        <C32-CO>
        </C32-CO>
        <C32-LD>
        </C32-LD>
        <C32CPP>
        </C32CPP>
        <C32Global>
        </C32Global>
      </item>
      <item ex="true" overriding="false" path="../src/third_party/mp/shared/memzip/import.c">
        <C32>
        </C32>
        <C32-AR>
        </C32-AR>
        <C32-AS>
        </C32-AS>
        <C32-CO>
        </C32-CO>
        <C32-LD>
        </C32-LD>
        <C32CPP>
        </C32CPP>
        <C32Global>
        </C32Global>
      </item>
      <item ex="true" overriding="false" path="../src/third_party/mp/shared/memzip/lexermemzip.c">
        <C32>
        </C32>
        <C32-AR>
        </C32-AR>
        <C32-AS>
        </C32-AS>
        <C32-CO>
        </C32-CO>
        <C32-LD>
        </C32-LD>
        <C32CPP>
        </C32CPP>
        <C32Global>
        </C32Global>
      </item>
      <item ex="true" overriding="false" path="../src/third_party/mp/shared/memzip/memzip.c">
        <C32>
        </C32>
        <C32-AR>
        </C32-AR>
        <C32-AS>
        </C32-AS>
        <C32-CO>
        </C32-CO>
        <C32-LD>
        </C32-LD>
        <C32CPP>
        </C32CPP>
        <C32Global>
        </C32Global>
      </item>
      <C32>
        <property key="additional-warnings" value="false"/>
        <property key="addresss-attribute-use" value="false"/>
        <property key="appendMe" value="-std=gnu99"/>
        <property key="enable-app-io" value="false"/>
        <property key="enable-omit-frame-pointer" value="false"/>
        <property key="enable-symbols" value="true"/>
        <property key="enable-unroll-loops" value="false"/>
        <property key="exclude-floating-point" value="false"/>
        <property key="extra-include-directories" value="../src;../src/config/default;../src/config/default/system/fs/fat_fs/file_system;../src/config/default/system/fs/fat_fs/hardware_access;../src/packs/ATSAME54P20A_DFP;../src/packs/CMSIS/;../src/packs/CMSIS/CMSIS/Core/Include;../src/third_party/rtos/FreeRTOS/Source/include;../src/third_party/rtos/FreeRTOS/Source/portable/GCC/SAM/ARM_CM4F;..\src\build_mp;..\src\third_party\mp;..\src\third_party\mp\extmod;..\src\third_party\mp\py;..\src\third_party\mp\shared\runtime"/>
        <property key="generate-16-bit-code" value="false"/>
        <property key="generate-micro-compressed-code" value="false"/>
        <property key="isolate-each-function" value="false"/>
        <property key="make-warnings-into-errors" value="false"/>
        <property key="optimization-level" value=""/>
        <property key="place-data-into-section" value="false"/>
        <property key="post-instruction-scheduling" value="default"/>
        <property key="pre-instruction-scheduling" value="default"/>
        <property key="preprocessor-macros" value="HAVE_CONFIG_H"/>
        <property key="strict-ansi" value="false"/>
        <property key="support-ansi" value="false"/>
        <property key="tentative-definitions" value="-fno-common"/>
        <property key="toplevel-reordering" value=""/>
        <property key="unaligned-access" value=""/>
        <property key="use-cci" value="false"/>
        <property key="use-iar" value="false"/>
        <property key="use-indirect-calls" value="false"/>
        <appendMe value="-std=gnu99"/>
      </C32>
      <C32-AR>
        <property key="additional-options-chop-files" value="false"/>
      </C32-AR>
      <C32-AS>
        <property key="assembler-symbols" value=""/>
        <property key="enable-symbols" value="true"/>
        <property key="exclude-floating-point-library" value="false"/>
        <property key="expand-macros" value="false"/>
        <property key="extra-include-directories-for-assembler" value=""/>
        <property key="extra-include-directories-for-preprocessor" value=""/>
        <property key="false-conditionals" value="false"/>
        <property key="generate-16-bit-code" value="false"/>
        <property key="generate-micro-compressed-code" value="false"/>
        <property key="keep-locals" value="false"/>
        <property key="list-assembly" value="false"/>
        <property key="list-source" value="false"/>
        <property key="list-symbols" value="false"/>
        <property key="oXC32asm-list-to-file" value="false"/>
        <property key="omit-debug-dirs" value="false"/>
        <property key="omit-forms" value="false"/>
        <property key="preprocessor-macros" value=""/>
        <property key="warning-level" value=""/>
      </C32-AS>
      <C32-CO>
        <property key="coverage-enable" value=""/>
        <property key="stack-guidance" value="false"/>
      </C32-CO>
      <C32-LD>
        <property key="additional-options-use-response-files" value="false"/>
        <property key="additional-options-write-sla" value="false"/>
        <property key="allocate-dinit" value="false"/>
        <property key="appendMe" value=""/>
        <property key="code-dinit" value="false"/>
        <property key="ebase-addr" value=""/>
        <property key="enable-check-sections" value="false"/>
        <property key="exclude-floating-point-library" value="false"/>
        <property key="exclude-standard-libraries" value="false"/>
        <property key="extra-lib-directories" value=""/>
        <property key="fill-flash-options-addr" value=""/>
        <property key="fill-flash-options-const" value=""/>
        <property key="fill-flash-options-how" value="0"/>
        <property key="fill-flash-options-inc-const" value="1"/>
        <property key="fill-flash-options-increment" value=""/>
        <property key="fill-flash-options-seq" value=""/>
        <property key="fill-flash-options-what" value="0"/>
        <property key="generate-16-bit-code" value="false"/>
        <property key="generate-cross-reference-file" value="false"/>
        <property key="generate-micro-compressed-code" value="false"/>
        <property key="heap-size" value="512"/>
        <property key="input-libraries" value=""/>
        <property key="kseg-length" value=""/>
        <property key="kseg-origin" value=""/>
        <property key="linker-symbols" value=""/>
        <property key="map-file" value="${DISTDIR}/${PROJECTNAME}.${IMAGE_TYPE}.map"/>
        <property key="no-device-startup-code" value="true"/>
        <property key="no-startup-files" value="false"/>
        <property key="oXC32ld-extra-opts" value=""/>
        <property key="optimization-level" value=""/>
        <property key="preprocessor-macros" value=""/>
        <property key="remove-unused-sections" value="true"/>
        <property key="report-memory-usage" value="false"/>
        <property key="serial-length" value=""/>
        <property key="serial-origin" value=""/>
        <property key="stack-size" value="65536"/>
        <property key="symbol-stripping" value=""/>
        <property key="trace-symbols" value=""/>
        <property key="warn-section-align" value="false"/>
      </C32-LD>
      <C32CPP>
        <property key="additional-warnings" value="false"/>
        <property key="addresss-attribute-use" value="false"/>
        <property key="appendMe" value=""/>
        <property key="check-new" value="false"/>
        <property key="eh-specs" value="true"/>
        <property key="enable-app-io" value="false"/>
        <property key="enable-omit-frame-pointer" value="false"/>
        <property key="enable-symbols" value="true"/>
        <property key="enable-unroll-loops" value="false"/>
        <property key="exceptions" value="true"/>
        <property key="exclude-floating-point" value="false"/>
        <property key="extra-include-directories" value="../src;../src/config/default;../src/config/default/system/fs/fat_fs/file_system;../src/config/default/system/fs/fat_fs/hardware_access;../src/packs/ATSAME54P20A_DFP;../src/packs/CMSIS/;../src/packs/CMSIS/CMSIS/Core/Include;../src/third_party/rtos/FreeRTOS/Source/include;../src/third_party/rtos/FreeRTOS/Source/portable/GCC/SAM/ARM_CM4F"/>
        <property key="generate-16-bit-code" value="false"/>
        <property key="generate-micro-compressed-code" value="false"/>
        <property key="isolate-each-function" value="false"/>
        <property key="make-warnings-into-errors" value="false"/>
        <property key="optimization-level" value=""/>
        <property key="place-data-into-section" value="false"/>
        <property key="post-instruction-scheduling" value="default"/>
        <property key="pre-instruction-scheduling" value="default"/>
        <property key="preprocessor-macros" value=""/>
        <property key="rtti" value="true"/>
        <property key="strict-ansi" value="false"/>
        <property key="toplevel-reordering" value=""/>
        <property key="unaligned-access" value=""/>
        <property key="use-cci" value="false"/>
        <property key="use-iar" value="false"/>
        <property key="use-indirect-calls" value="false"/>
      </C32CPP>
      <C32Global>
        <property key="appendMe" value=""/>
        <property key="common-include-directories" value=""/>
        <property key="gp-relative-option" value=""/>
        <property key="legacy-libc" value="false"/>
        <property key="mdtcm" value=""/>
        <property key="mitcm" value=""/>
        <property key="mstacktcm" value="false"/>
        <property key="omit-pack-options" value="1"/>
        <property key="relaxed-math" value="false"/>
        <property key="save-temps" value="false"/>
        <property key="stack-smashing" value=""/>
        <property key="wpo-lto" value="false"/>
      </C32Global>
      <EdbgTool>
        <property key="AutoSelectMemRanges" value="auto"/>
        <property key="arm.use_vtor" value="false"/>
        <property key="arm.vtor_adr" value="exception_table"/>
        <property key="communication.activationmode" value="nohv"/>
        <property key="communication.interface" value="swd"/>
        <property key="communication.speed" value="2.000"/>
        <property key="debugoptions.debug-startup" value="Use system settings"/>
        <property key="debugoptions.reset-behaviour" value="Use system settings"/>
        <property key="debugoptions.useswbreakpoints" value="false"/>
        <property key="event.recorder.debugger.behavior" value="Running"/>
        <property key="event.recorder.enabled" value="false"/>
        <property key="event.recorder.scvd.files" value=""/>
        <property key="firmware.path" value="Press to browse for a specific firmware version"/>
        <property key="firmware.toolpack" value="Press to select which tool pack to use"/>
        <property key="firmware.update.action" value="firmware.update.use.latest"/>
        <property key="freeze.timers" value="false"/>
        <property key="lastid" value=""/>
        <property key="loader.board_file" value="${ProjectDir}/board.xboard"/>
        <property key="memories.aux" value="false"/>
        <property key="memories.bootflash" value="true"/>
        <property key="memories.configurationmemory" value="true"/>
        <property key="memories.configurationmemory2" value="true"/>
        <property key="memories.dataflash" value="true"/>
        <property key="memories.eeprom" value="true"/>
        <property key="memories.exclude.configurationmemory" value="true"/>
        <property key="memories.flashdata" value="true"/>
        <property key="memories.id" value="true"/>
        <property key="memories.instruction.ram.ranges" value="${memories.instruction.ram.ranges}"/>
        <property key="memories.programmemory" value="true"/>
        <property key="memories.programmemory.ranges" value="0-fffff"/>
        <property key="poweroptions.powerenable" value="false"/>
        <property key="programoptions.eraseb4program" value="true"/>
        <property key="programoptions.preservedataflash" value="false"/>
        <property key="programoptions.preservedataflash.ranges" value="${memories.dataflash.default}"/>
        <property key="programoptions.preserveeeprom" value="false"/>
        <property key="programoptions.preserveeeprom.ranges" value=""/>
        <property key="programoptions.preserveprogram.ranges" value=""/>
        <property key="programoptions.preserveprogramrange" value="false"/>
        <property key="programoptions.preserveuserid" value="false"/>
        <property key="programoptions.programuserotp" value="false"/>
        <property key="script.has_reset" value="true"/>
        <property key="script.log_level" value="1"/>
        <property key="script.reset_delay" value="0"/>
        <property key="script.show_output" value="false"/>
        <property key="toolpack.updateoptions" value="toolpack.updateoptions.uselatestoolpack"/>
        <property key="toolpack.updateoptions.packversion" value="Press to select which tool pack to use"/>
        <property key="voltagevalue" value=""/>
        <property key="x.erase.clearprot" value="true"/>
      </EdbgTool>
      <Tool>
        <property key="AutoSelectMemRanges" value="auto"/>
        <property key="arm.use_vtor" value="false"/>
        <property key="arm.vtor_adr" value="exception_table"/>
        <property key="communication.activationmode" value="nohv"/>
        <property key="communication.interface" value="swd"/>
        <property key="communication.speed" value="2.000"/>
        <property key="debugoptions.debug-startup" value="Use system settings"/>
        <property key="debugoptions.reset-behaviour" value="Use system settings"/>
        <property key="debugoptions.useswbreakpoints" value="false"/>
        <property key="event.recorder.debugger.behavior" value="Running"/>
        <property key="event.recorder.enabled" value="false"/>
        <property key="event.recorder.scvd.files" value=""/>
        <property key="firmware.path" value="Press to browse for a specific firmware version"/>
        <property key="firmware.toolpack" value="Press to select which tool pack to use"/>
        <property key="firmware.update.action" value="firmware.update.use.latest"/>
        <property key="freeze.timers" value="false"/>
        <property key="lastid" value=""/>
        <property key="loader.board_file" value="${ProjectDir}/board.xboard"/>
        <property key="memories.aux" value="false"/>
        <property key="memories.bootflash" value="true"/>
        <property key="memories.configurationmemory" value="true"/>
        <property key="memories.configurationmemory2" value="true"/>
        <property key="memories.dataflash" value="true"/>
        <property key="memories.eeprom" value="true"/>
        <property key="memories.exclude.configurationmemory" value="true"/>
        <property key="memories.flashdata" value="true"/>
        <property key="memories.id" value="true"/>
        <property key="memories.instruction.ram.ranges" value="${memories.instruction.ram.ranges}"/>
        <property key="memories.programmemory" value="true"/>
        <property key="memories.programmemory.ranges" value="0-fffff"/>
        <property key="poweroptions.powerenable" value="false"/>
        <property key="programmerToGoFilePath" value="D:/MASTERIOT3/Project/E54_MSD_QSPI/E54_SQI_FATFS.X/debug/default/E54_SQI_FATFS_ptg"/>
        <property key="programoptions.eraseb4program" value="true"/>
        <property key="programoptions.preservedataflash" value="false"/>
        <property key="programoptions.preservedataflash.ranges" value="${memories.dataflash.default}"/>
        <property key="programoptions.preserveeeprom" value="false"/>
        <property key="programoptions.preserveeeprom.ranges" value=""/>
        <property key="programoptions.preserveprogram.ranges" value=""/>
        <property key="programoptions.preserveprogramrange" value="false"/>
        <property key="programoptions.preserveuserid" value="false"/>
        <property key="programoptions.programuserotp" value="false"/>
        <property key="script.has_reset" value="true"/>
        <property key="script.log_level" value="1"/>
        <property key="script.reset_delay" value="0"/>
        <property key="script.show_output" value="false"/>
        <property key="toolpack.updateoptions" value="toolpack.updateoptions.uselatestoolpack"/>
        <property key="toolpack.updateoptions.packversion" value="Press to select which tool pack to use"/>
        <property key="voltagevalue" value=""/>
        <property key="x.erase.clearprot" value="true"/>
      </Tool>
    </conf>
  </confs>
</configurationDescriptor>